Author Keywords,proportion
nan,0.1142797668609492
austrian economics,0.022481265611990008
entrepreneurship,0.01582014987510408
hayek,0.009991673605328892
institutions,0.00832639467110741
austrian school,0.00791007493755204
business cycle,0.007701915070774354
austrian business cycle theory,0.006452955870108243
public choice,0.005620316402997502
business cycles,0.005412156536219817
monetary policy,0.005203996669442132
market process,0.004787676935886761
b53,0.004787676935886761
subjectivism,0.004787676935886761
methodology,0.004787676935886761
innovation,0.004163197335553705
economic growth,0.00395503746877602
praxeology,0.00395503746877602
spontaneous order,0.003746877601998335
ludwig von mises,0.003746877601998335
political economy,0.0035387177352206494
economic calculation,0.0033305578684429643
knowledge,0.0033305578684429643
mises,0.0033305578684429643
capital,0.0029142381348875937
democracy,0.0029142381348875937
property rights,0.0029142381348875937
capital theory,0.0027060782681099086
free banking,0.0027060782681099086
uncertainty,0.0027060782681099086
history of economic thought,0.0027060782681099086
complexity,0.002497918401332223
regulation,0.002497918401332223
carl menger,0.002497918401332223
economic development,0.002497918401332223
competition,0.002289758534554538
central banking,0.002289758534554538
liberalism,0.002289758534554538
adam smith,0.002289758534554538
macroeconomics,0.002289758534554538
development,0.002289758534554538
equilibrium,0.0020815986677768525
f. a. hayek,0.0020815986677768525
hermeneutics,0.0020815986677768525
federal reserve,0.0020815986677768525
emergence,0.0020815986677768525
robust political economy,0.0020815986677768525
social capital,0.0020815986677768525
knowledge problem,0.0020815986677768525
methodological individualism,0.0020815986677768525
entrepreneur,0.0020815986677768525
structure of production,0.0020815986677768525
trust,0.0018734388009991674
behavioral economics,0.0018734388009991674
transaction costs,0.0018734388009991674
culture,0.0018734388009991674
money,0.0018734388009991674
inflation,0.0018734388009991674
austrian school of economics,0.0018734388009991674
monetary equilibrium,0.0018734388009991674
capital structure,0.0018734388009991674
financial crisis,0.0018734388009991674
self-governance,0.0018734388009991674
keynes,0.0016652789342214821
governance,0.0016652789342214821
rules,0.0016652789342214821
interest,0.0016652789342214821
ethics,0.0016652789342214821
markets,0.0016652789342214821
menger,0.0016652789342214821
austrian,0.0016652789342214821
polycentricity,0.0014571190674437969
expectations,0.0014571190674437969
friedrich hayek,0.0014571190674437969
julian simon,0.0014571190674437969
institutional analysis,0.0014571190674437969
price theory,0.0014571190674437969
f.a. hayek,0.0014571190674437969
production structure,0.0014571190674437969
lachmann,0.0014571190674437969
interventionism,0.0014571190674437969
history of thought,0.0014571190674437969
great depression,0.0014571190674437969
theory of the firm,0.0014571190674437969
information,0.0012489592006661116
law and economics,0.0012489592006661116
john maynard keynes,0.0012489592006661116
economic freedom,0.0012489592006661116
buchanan,0.0012489592006661116
rothbard,0.0012489592006661116
e32,0.0012489592006661116
interest rates,0.0012489592006661116
socialism,0.0012489592006661116
max weber,0.0012489592006661116
credit expansion,0.0012489592006661116
creative destruction,0.0012489592006661116
investment,0.0012489592006661116
calculation,0.0012489592006661116
economic history,0.0010407993338884263
economic sociology,0.0010407993338884263
institutionalism,0.0010407993338884263
social learning,0.0010407993338884263
taxation,0.0010407993338884263
thymology,0.0010407993338884263
evolution,0.0010407993338884263
general equilibrium,0.0010407993338884263
heterodox economics,0.0010407993338884263
exchange,0.0010407993338884263
pirates,0.0010407993338884263
unemployment,0.0010407993338884263
common law,0.0010407993338884263
local knowledge,0.0010407993338884263
coordination,0.0010407993338884263
rational expectations,0.0010407993338884263
capitalism,0.0010407993338884263
average period of production,0.0010407993338884263
entangled political economy,0.0010407993338884263
welfare economics,0.0010407993338884263
systems theory,0.0010407993338884263
central planning,0.0010407993338884263
classical liberalism,0.0010407993338884263
l26,0.0010407993338884263
neoclassical economics,0.0010407993338884263
net present value,0.0010407993338884263
marginal efficiency of capital,0.0010407993338884263
disaster recovery,0.0010407993338884263
constitutional political economy,0.0010407993338884263
learning,0.0010407993338884263
choice,0.0010407993338884263
alertness,0.0010407993338884263
recession,0.0010407993338884263
james buchanan,0.0010407993338884263
morality,0.0010407993338884263
b52,0.0010407993338884263
kirzner,0.0010407993338884263
time preference,0.0010407993338884263
experimental economics,0.0010407993338884263
economics,0.0010407993338884263
coercion,0.0010407993338884263
public policy,0.0010407993338884263
profit,0.0010407993338884263
individualism,0.0010407993338884263
p16,0.0010407993338884263
catallactics,0.0010407993338884263
great recession,0.0008326394671107411
mainline economics,0.0008326394671107411
justice,0.0008326394671107411
libertarianism,0.0008326394671107411
austrian business cycle,0.0008326394671107411
rent seeking,0.0008326394671107411
organization,0.0008326394671107411
freedom,0.0008326394671107411
tacit knowledge,0.0008326394671107411
rational choice,0.0008326394671107411
education,0.0008326394671107411
division of labor,0.0008326394671107411
environment,0.0008326394671107411
economic progress,0.0008326394671107411
b25,0.0008326394671107411
climate change,0.0008326394671107411
economic methodology,0.0008326394671107411
decentralization,0.0008326394671107411
firm,0.0008326394671107411
fractional reserve banking,0.0008326394671107411
ordoliberalism,0.0008326394671107411
anarchy,0.0008326394671107411
freiburg school,0.0008326394671107411
inequality,0.0008326394671107411
economic analysis of law,0.0008326394671107411
finance,0.0008326394671107411
elinor ostrom,0.0008326394671107411
cooperation,0.0008326394671107411
institutional economics,0.0008326394671107411
joseph schumpeter,0.0008326394671107411
value theory,0.0008326394671107411
hoarding,0.0008326394671107411
heterogeneity,0.0008326394671107411
network effects,0.0008326394671107411
social change,0.0008326394671107411
socialist calculation debate,0.0008326394671107411
judgment,0.0008326394671107411
economic education,0.0008326394671107411
posner,0.0008326394671107411
schumpeter,0.0008326394671107411
rhetoric,0.0008326394671107411
catallaxy,0.0008326394671107411
corruption,0.0008326394671107411
utilitarianism,0.0008326394671107411
rationality,0.0008326394671107411
humanomics,0.0008326394671107411
role of economists,0.0008326394671107411
bloomington school,0.0008326394671107411
neoliberalism,0.0008326394671107411
fiscal policy,0.0008326394671107411
value,0.0008326394671107411
austrian political economy,0.0008326394671107411
pluralism,0.0008326394671107411
rent-seeking,0.0008326394671107411
crisis,0.0008326394671107411
institutional change,0.0006244796003330558
bitcoin,0.0006244796003330558
nobel prize,0.0006244796003330558
normative economics,0.0006244796003330558
cognitive psychology,0.0006244796003330558
robustness,0.0006244796003330558
environmentalism,0.0006244796003330558
h1,0.0006244796003330558
positive economics,0.0006244796003330558
public goods,0.0006244796003330558
entrepreneurial discovery,0.0006244796003330558
teaching,0.0006244796003330558
language,0.0006244796003330558
cultural evolution,0.0006244796003330558
government failure,0.0006244796003330558
historical school,0.0006244796003330558
foreign aid,0.0006244796003330558
prices,0.0006244796003330558
coase,0.0006244796003330558
popper,0.0006244796003330558
federalism,0.0006244796003330558
business cycle theory,0.0006244796003330558
austrian business-cycle theory,0.0006244796003330558
asymmetric information,0.0006244796003330558
polycentric governance,0.0006244796003330558
neo-liberalism,0.0006244796003330558
anarchism,0.0006244796003330558
roundaboutness,0.0006244796003330558
neoclassicism,0.0006244796003330558
gerald gaus,0.0006244796003330558
entrepreneurs,0.0006244796003330558
hurricane katrina,0.0006244796003330558
hurricane sandy,0.0006244796003330558
indifference,0.0006244796003330558
natural selection,0.0006244796003330558
rule of law,0.0006244796003330558
counterfactuals,0.0006244796003330558
sticky prices,0.0006244796003330558
positivism,0.0006244796003330558
coinage,0.0006244796003330558
school of salamanca,0.0006244796003330558
capital goods,0.0006244796003330558
time,0.0006244796003330558
boettke,0.0006244796003330558
period of production,0.0006244796003330558
neo-institutionalism,0.0006244796003330558
o31,0.0006244796003330558
capital-based macroeconomics,0.0006244796003330558
public reason,0.0006244796003330558
microfoundations,0.0006244796003330558
austrian capital theory,0.0006244796003330558
deregulation,0.0006244796003330558
search,0.0006244796003330558
natural rate of interest,0.0006244796003330558
intrinsic value,0.0006244796003330558
disequilibrium,0.0006244796003330558
market failure,0.0006244796003330558
philosophy of mind,0.0006244796003330558
wage cyclicality,0.0006244796003330558
immigration,0.0006244796003330558
transition economies,0.0006244796003330558
intellectual property,0.0006244796003330558
ontology,0.0006244796003330558
public finance,0.0006244796003330558
mathematics,0.0006244796003330558
india,0.0006244796003330558
political philosophy,0.0006244796003330558
ignorance,0.0006244796003330558
e14,0.0006244796003330558
ideology,0.0006244796003330558
homo economicus,0.0006244796003330558
distribution,0.0006244796003330558
systemic risk,0.0006244796003330558
evolutionary economics,0.0006244796003330558
methodenstreit,0.0006244796003330558
phenomenology,0.0006244796003330558
ostrom,0.0006244796003330558
human capital,0.0006244796003330558
value investing,0.0006244796003330558
b13,0.0006244796003330558
conflict,0.0006244796003330558
government intervention,0.0006244796003330558
war,0.0006244796003330558
private governance,0.00041631973355537054
legal centralism,0.00041631973355537054
ownership function,0.00041631973355537054
role of government,0.00041631973355537054
chile,0.00041631973355537054
dictatorship,0.00041631973355537054
decision-making ability,0.00041631973355537054
decision-making rents,0.00041631973355537054
social epistemology,0.00041631973355537054
use of knowledge,0.00041631973355537054
israel kirzner,0.00041631973355537054
robust,0.00041631973355537054
risk,0.00041631973355537054
probability,0.00041631973355537054
value of the firm,0.00041631973355537054
investment appraisal,0.00041631973355537054
income,0.00041631973355537054
connectionism,0.00041631973355537054
piketty,0.00041631973355537054
agent-based modeling,0.00041631973355537054
d24,0.00041631973355537054
statelessness,0.00041631973355537054
gadamer,0.00041631973355537054
growth management,0.00041631973355537054
monetary equilibrium theory,0.00041631973355537054
path-dependence,0.00041631973355537054
monetary reform,0.00041631973355537054
macroeconomic policy,0.00041631973355537054
evolutionary epistemology,0.00041631973355537054
virtues,0.00041631973355537054
research and development,0.00041631973355537054
recovery,0.00041631973355537054
prudence,0.00041631973355537054
soviet union,0.00041631973355537054
discrimination,0.00041631973355537054
garrison,0.00041631973355537054
spain,0.00041631973355537054
scholasticism,0.00041631973355537054
juan mariana,0.00041631973355537054
marginalism,0.00041631973355537054
philosophy,0.00041631973355537054
monetary institutions,0.00041631973355537054
objectivism,0.00041631973355537054
politics,0.00041631973355537054
f.a hayek,0.00041631973355537054
heterogeneous capital,0.00041631973355537054
o43,0.00041631973355537054
degree of roundaboutness,0.00041631973355537054
replacement,0.00041631973355537054
scope of government,0.00041631973355537054
new comparative economics,0.00041631973355537054
blockchain,0.00041631973355537054
marketplace of ideas,0.00041631973355537054
public opinion,0.00041631973355537054
radical subjectivism,0.00041631973355537054
austrian theory,0.00041631973355537054
libertarian paternalism,0.00041631973355537054
armen alchian,0.00041631973355537054
welfare,0.00041631973355537054
public administration,0.00041631973355537054
entrepreneurship theory,0.00041631973355537054
sociology,0.00041631973355537054
bounded rationality,0.00041631973355537054
decision-making,0.00041631973355537054
aesthetics,0.00041631973355537054
o38,0.00041631973355537054
experts,0.00041631973355537054
b2,0.00041631973355537054
classical liberal,0.00041631973355537054
analytic narratives,0.00041631973355537054
re-switching,0.00041631973355537054
ownership,0.00041631973355537054
milton friedman,0.00041631973355537054
civil society,0.00041631973355537054
fiduciary media,0.00041631973355537054
republic of science,0.00041631973355537054
lionel robbins,0.00041631973355537054
discovery,0.00041631973355537054
sociality,0.00041631973355537054
laissez-faire,0.00041631973355537054
war economy,0.00041631973355537054
friedrich a. hayek,0.00041631973355537054
state building,0.00041631973355537054
nonprofits,0.00041631973355537054
urban planning,0.00041631973355537054
private property,0.00041631973355537054
critical realism,0.00041631973355537054
formalism,0.00041631973355537054
interwar vienna,0.00041631973355537054
abstraction,0.00041631973355537054
social ontology,0.00041631973355537054
schumpeterian entrepreneurship,0.00041631973355537054
minimal state,0.00041631973355537054
spontaneous orders,0.00041631973355537054
new york university,0.00041631973355537054
economic method,0.00041631973355537054
cognition,0.00041631973355537054
ricardo effect,0.00041631973355537054
consumer theory,0.00041631973355537054
confidence,0.00041631973355537054
stock market,0.00041631973355537054
hayekian triangle,0.00041631973355537054
economic planning,0.00041631973355537054
vernon smith,0.00041631973355537054
economic value added,0.00041631973355537054
disasters,0.00041631973355537054
pure time preference theory of interest,0.00041631973355537054
banking,0.00041631973355537054
sensory order,0.00041631973355537054
monetary theory,0.00041631973355537054
coase theorem,0.00041631973355537054
philosophy and economics,0.00041631973355537054
social order,0.00041631973355537054
radical uncertainty,0.00041631973355537054
collective action,0.00041631973355537054
history of austrian economics,0.00041631973355537054
power,0.00041631973355537054
political entrepreneurship,0.00041631973355537054
industrial policy,0.00041631973355537054
measurement,0.00041631973355537054
religion,0.00041631973355537054
precautionary reserves,0.00041631973355537054
vertical integration,0.00041631973355537054
credit,0.00041631973355537054
cantillon effects,0.00041631973355537054
interpretive economics,0.00041631973355537054
walrasian,0.00041631973355537054
henry george,0.00041631973355537054
degeneracy,0.00041631973355537054
rights,0.00041631973355537054
var,0.00041631973355537054
virginia school,0.00041631973355537054
contractarianism,0.00041631973355537054
john d. mueller,0.00041631973355537054
autistic exchange,0.00041631973355537054
keynesianism,0.00041631973355537054
north,0.00041631973355537054
economic efficiency,0.00041631973355537054
regression theorem,0.00041631973355537054
incentives,0.00041631973355537054
opportunity,0.00041631973355537054
legal polycentrism,0.00041631973355537054
impersonal exchange,0.00041631973355537054
informal institutions,0.00041631973355537054
john stuart mill,0.00041631973355537054
national defense,0.00041631973355537054
superstition,0.00041631973355537054
beliefs,0.00041631973355537054
schütz,0.00041631973355537054
fractional reserves,0.00041631973355537054
business fluctuations,0.00041631973355537054
consumption,0.00041631973355537054
opportunity costs,0.00041631973355537054
exchange frictions,0.00041631973355537054
epistemic frictions,0.00041631973355537054
economic policy,0.00041631973355537054
theory and history,0.00041631973355537054
austrian theory of the business cycle,0.00041631973355537054
qualitative methods,0.00041631973355537054
international business cycle,0.00041631973355537054
fiat money,0.00041631973355537054
anarcho-capitalism,0.00041631973355537054
apriorism,0.00041631973355537054
mirror neurons,0.00041631973355537054
the sensory order,0.00041631973355537054
law,0.00041631973355537054
compensation,0.00041631973355537054
capital-theory,0.00041631973355537054
embeddedness,0.00041631973355537054
abct,0.00041631973355537054
ideas and institutions,0.00041631973355537054
animal spirits,0.00041631973355537054
constitutions,0.00041631973355537054
cycles,0.00041631973355537054
theodore burczak,0.00041631973355537054
market rate of interest,0.00041631973355537054
medium of exchange,0.00041631973355537054
deflation,0.00041631973355537054
evenly rotating economy,0.00041631973355537054
savings,0.00041631973355537054
labor markets,0.00041631973355537054
phillips curve,0.00041631973355537054
bureaucracy,0.00041631973355537054
virginia political economy,0.00041631973355537054
nihilism,0.00041631973355537054
macroeconomic fluctuation,0.00041631973355537054
karl marx,0.00041631973355537054
sequestered capital,0.00041631973355537054
constitutionalism,0.00041631973355537054
social theory,0.00041631973355537054
liquidation,0.00041631973355537054
matching,0.00041631973355537054
transitivity,0.00041631973355537054
labor intensity,0.00041631973355537054
natural resources,0.00041631973355537054
dispersed knowledge,0.00041631973355537054
price level stabilization,0.00041631973355537054
securitization,0.00041631973355537054
cantillon effect,0.00041631973355537054
agent-based model,0.00041631973355537054
dsge models,0.00041631973355537054
social norms,0.00041631973355537054
case studies,0.00041631973355537054
foreign intervention,0.00041631973355537054
laffer curve,0.00041631973355537054
aggregation,0.00041631973355537054
paternalism,0.00041631973355537054
deirdre mccloskey,0.00041631973355537054
state capacity,0.00041631973355537054
structure,0.00041631973355537054
ultimate resource,0.00041631973355537054
b15,0.00041631973355537054
behavioral,0.00041631973355537054
employment,0.00041631973355537054
sports economics,0.00041631973355537054
externalities,0.00041631973355537054
p14,0.00041631973355537054
growth,0.00041631973355537054
von mises,0.00041631973355537054
algorithms,0.00041631973355537054
political theory,0.00041631973355537054
coordination failures,0.00041631973355537054
agency theory,0.00041631973355537054
individual choice,0.00041631973355537054
classical economics,0.00041631973355537054
increasing returns,0.00041631973355537054
psychology,0.00041631973355537054
complexity economics,0.00041631973355537054
economic models,0.00041631973355537054
exchange rate,0.00041631973355537054
gold standard,0.00041631973355537054
environmental economics,0.00041631973355537054
altruism,0.00041631973355537054
networks,0.00041631973355537054
development economics,0.00041631973355537054
d21,0.00041631973355537054
adaptation,0.00041631973355537054
austrian macroeconomics,0.00041631973355537054
resilience,0.00041631973355537054
b41,0.00041631973355537054
social preferences,0.00041631973355537054
russia,0.00041631973355537054
l22,0.00041631973355537054
stable preferences,0.00020815986677768527
central banking policy,0.00020815986677768527
innovativeness,0.00020815986677768527
interest-rate brake,0.00020815986677768527
financial markets,0.00020815986677768527
stock,0.00020815986677768527
consistency,0.00020815986677768527
indifference analysis,0.00020815986677768527
barriers to entry,0.00020815986677768527
search theory,0.00020815986677768527
originality,0.00020815986677768527
pattern coordination,0.00020815986677768527
contestable markets,0.00020815986677768527
evolutionary game theory,0.00020815986677768527
harold hotelling,0.00020815986677768527
housing boom,0.00020815986677768527
housing,0.00020815986677768527
eucken,0.00020815986677768527
forced savings,0.00020815986677768527
lithuania,0.00020815986677768527
post-socialist holding companies,0.00020815986677768527
water supply,0.00020815986677768527
military history,0.00020815986677768527
factory system,0.00020815986677768527
aristocracy,0.00020815986677768527
adaptive systems,0.00020815986677768527
antitrust,0.00020815986677768527
erich zimmermann,0.00020815986677768527
keynesian multiplier,0.00020815986677768527
conservation theory,0.00020815986677768527
gdp gap,0.00020815986677768527
cultural theory,0.00020815986677768527
smithian,0.00020815986677768527
comparative economics,0.00020815986677768527
west germany,0.00020815986677768527
social market economy,0.00020815986677768527
economic geography,0.00020815986677768527
circular flow model,0.00020815986677768527
social cooperation,0.00020815986677768527
hülsmann,0.00020815986677768527
non-market activity,0.00020815986677768527
'post-austrian' economics,0.00020815986677768527
liquidity,0.00020815986677768527
empirical,0.00020815986677768527
fritz machlup,0.00020815986677768527
bellagio group,0.00020815986677768527
corporate culture,0.00020815986677768527
adjustment,0.00020815986677768527
profits and losses,0.00020815986677768527
rent creation,0.00020815986677768527
intertemporal allocation of resources,0.00020815986677768527
order-dependent knowledge,0.00020815986677768527
interest rate sensitivity,0.00020815986677768527
uncertainty bearing,0.00020815986677768527
speculation,0.00020815986677768527
risk aversion,0.00020815986677768527
comparative advantage,0.00020815986677768527
pricespecie flow mechanism,0.00020815986677768527
ludwig erhard,0.00020815986677768527
richard cantillon,0.00020815986677768527
humanitarian aid,0.00020815986677768527
production function,0.00020815986677768527
subjectivity within objectivism,0.00020815986677768527
subjectivist turn,0.00020815986677768527
sweden,0.00020815986677768527
economics of science,0.00020815986677768527
realism,0.00020815986677768527
new keynesian small menu cost model,0.00020815986677768527
mainstream heterodoxy,0.00020815986677768527
ergodic axiom,0.00020815986677768527
management,0.00020815986677768527
israel m. kirzner,0.00020815986677768527
technological change,0.00020815986677768527
moral hazard,0.00020815986677768527
wealth,0.00020815986677768527
monitoring,0.00020815986677768527
regression theorem of institutional stickiness,0.00020815986677768527
post-communist state,0.00020815986677768527
interaction thesis,0.00020815986677768527
knowledge repository,0.00020815986677768527
agglomeration economies,0.00020815986677768527
international development,0.00020815986677768527
freedom of entry,0.00020815986677768527
monetary dynamics,0.00020815986677768527
market competition,0.00020815986677768527
social objects,0.00020815986677768527
sherman antitrust act,0.00020815986677768527
deliberative democracy,0.00020815986677768527
urban policy,0.00020815986677768527
bahamas,0.00020815986677768527
economic methodologies,0.00020815986677768527
neuroeconomics,0.00020815986677768527
nirvana fallacy,0.00020815986677768527
division of knowledge in society,0.00020815986677768527
focal points,0.00020815986677768527
collusion,0.00020815986677768527
utility maximization,0.00020815986677768527
consumers' good,0.00020815986677768527
intersubjectivity,0.00020815986677768527
empathy,0.00020815986677768527
subject matter,0.00020815986677768527
southeast asia,0.00020815986677768527
james c. scott,0.00020815986677768527
hill peoples,0.00020815986677768527
producers' good,0.00020815986677768527
infeasible action plans,0.00020815986677768527
business groups,0.00020815986677768527
teleological perspective,0.00020815986677768527
hyperinflation,0.00020815986677768527
zimbabwe,0.00020815986677768527
communitarianism,0.00020815986677768527
polanyi,0.00020815986677768527
kant,0.00020815986677768527
classical socialism,0.00020815986677768527
carnap,0.00020815986677768527
time structure of production,0.00020815986677768527
roundabout methods of production,0.00020815986677768527
input-output analysis,0.00020815986677768527
calculation problem,0.00020815986677768527
comparative systems,0.00020815986677768527
sargent,0.00020815986677768527
marxian socialism,0.00020815986677768527
socialist systems,0.00020815986677768527
real business cycle theory,0.00020815986677768527
hayekian socialism,0.00020815986677768527
causality,0.00020815986677768527
marxism,0.00020815986677768527
social value,0.00020815986677768527
transitional economics,0.00020815986677768527
free trade,0.00020815986677768527
market for economists,0.00020815986677768527
money prices,0.00020815986677768527
history and theory,0.00020815986677768527
decentralized planning,0.00020815986677768527
non-monetized ends and means,0.00020815986677768527
price system,0.00020815986677768527
checks and balances,0.00020815986677768527
evolution of government,0.00020815986677768527
growth of government,0.00020815986677768527
adolf wagner,0.00020815986677768527
time and ignorance,0.00020815986677768527
exchange paradigm,0.00020815986677768527
rule-following,0.00020815986677768527
paradox of government,0.00020815986677768527
value paradigm,0.00020815986677768527
critical rationalism,0.00020815986677768527
heterogeneous agents,0.00020815986677768527
conventions,0.00020815986677768527
capital good,0.00020815986677768527
monetary policy and interest rates,0.00020815986677768527
federal reserve policy,0.00020815986677768527
corporate governance,0.00020815986677768527
self-organizing systems,0.00020815986677768527
wilhelm röpke,0.00020815986677768527
jacobs,0.00020815986677768527
big push,0.00020815986677768527
mineral resources,0.00020815986677768527
bonding and bridging social capital,0.00020815986677768527
sunk costs,0.00020815986677768527
measurement without theory,0.00020815986677768527
regulation as taxation,0.00020815986677768527
states as orders,0.00020815986677768527
wagner's law,0.00020815986677768527
developing countries,0.00020815986677768527
market and political process,0.00020815986677768527
causal theory of mind,0.00020815986677768527
walras,0.00020815986677768527
interpretive framework,0.00020815986677768527
political market,0.00020815986677768527
low-income families,0.00020815986677768527
baltic sea area,0.00020815986677768527
comparative statics,0.00020815986677768527
ceteris paribus,0.00020815986677768527
bank-industry networks,0.00020815986677768527
minsky,0.00020815986677768527
credit cycles,0.00020815986677768527
assets,0.00020815986677768527
private schools,0.00020815986677768527
arts,0.00020815986677768527
contagion,0.00020815986677768527
subsidy,0.00020815986677768527
sraffian theory,0.00020815986677768527
empirical labour theory of value,0.00020815986677768527
böhm-bawerk's theory of capital,0.00020815986677768527
austrian program,0.00020815986677768527
demand for money,0.00020815986677768527
cross country divergences,0.00020815986677768527
h2,0.00020815986677768527
economic webs,0.00020815986677768527
subjectivist interpretation,0.00020815986677768527
economic growth beyond entailing laws,0.00020815986677768527
contract curve,0.00020815986677768527
unit of account,0.00020815986677768527
capital complementarity,0.00020815986677768527
chartalism,0.00020815986677768527
industrial planning,0.00020815986677768527
imperialism adam smith,0.00020815986677768527
empire,0.00020815986677768527
slowdowns,0.00020815986677768527
social entrepreneurship,0.00020815986677768527
hayekian business-cycle theory,0.00020815986677768527
group selection,0.00020815986677768527
evolutionary contractarianism,0.00020815986677768527
burden if proof,0.00020815986677768527
open access orders,0.00020815986677768527
lag length,0.00020815986677768527
institutional development,0.00020815986677768527
george mason university,0.00020815986677768527
center for the study of market processes,0.00020815986677768527
tax strategies,0.00020815986677768527
populism,0.00020815986677768527
fairness,0.00020815986677768527
pareto efficient,0.00020815986677768527
accelerator,0.00020815986677768527
virgil storr,0.00020815986677768527
central banks,0.00020815986677768527
ronald coase,0.00020815986677768527
legal institutions,0.00020815986677768527
austrian pfolitical economy,0.00020815986677768527
love,0.00020815986677768527
gifts,0.00020815986677768527
social structure,0.00020815986677768527
credibility,0.00020815986677768527
crime,0.00020815986677768527
action,0.00020815986677768527
contractual nullification,0.00020815986677768527
distributed knowledge,0.00020815986677768527
normative individualism,0.00020815986677768527
meanings,0.00020815986677768527
constitutional economics,0.00020815986677768527
designed orders,0.00020815986677768527
social needs,0.00020815986677768527
neo-mengerianism,0.00020815986677768527
emergentism,0.00020815986677768527
biology,0.00020815986677768527
ultimatum game,0.00020815986677768527
adr,0.00020815986677768527
h3,0.00020815986677768527
political freedom,0.00020815986677768527
gender specifica,0.00020815986677768527
individual rights,0.00020815986677768527
frankfurt school,0.00020815986677768527
secondary effects of business cycle,0.00020815986677768527
bank’s asset structure,0.00020815986677768527
the structure of production,0.00020815986677768527
regime uncertainty,0.00020815986677768527
development planning,0.00020815986677768527
nation building,0.00020815986677768527
mechanism design,0.00020815986677768527
utility function,0.00020815986677768527
revealed preference,0.00020815986677768527
preference satisfaction,0.00020815986677768527
post-conflict reconstruction,0.00020815986677768527
autonomy,0.00020815986677768527
witness,0.00020815986677768527
traveler’s tale,0.00020815986677768527
soviet economy,0.00020815986677768527
impossible world,0.00020815986677768527
g. warren nutter,0.00020815986677768527
prediction markets,0.00020815986677768527
forecasting,0.00020815986677768527
overinvestment,0.00020815986677768527
indeterminacy,0.00020815986677768527
exogenous innovation,0.00020815986677768527
socialist thought,0.00020815986677768527
health,0.00020815986677768527
preferences over estimates,0.00020815986677768527
production contracts,0.00020815986677768527
lock-in,0.00020815986677768527
philip iii,0.00020815986677768527
philip ii,0.00020815986677768527
mariana,0.00020815986677768527
jefferson,0.00020815986677768527
don quixote,0.00020815986677768527
cervantes,0.00020815986677768527
east asia,0.00020815986677768527
central planning systems,0.00020815986677768527
business-management,0.00020815986677768527
scientific management,0.00020815986677768527
economic forecasts,0.00020815986677768527
theories of the firm,0.00020815986677768527
stabilization policy,0.00020815986677768527
multiplier effect,0.00020815986677768527
fiscal stimulus,0.00020815986677768527
aggregate expenditure,0.00020815986677768527
nonequilibrium theory,0.00020815986677768527
countercyclical volatility,0.00020815986677768527
complexity theory,0.00020815986677768527
policy,0.00020815986677768527
national income accounting,0.00020815986677768527
customary law,0.00020815986677768527
private recourse,0.00020815986677768527
praxeological theory of politics,0.00020815986677768527
constitutional perspective,0.00020815986677768527
generic and operant analysis,0.00020815986677768527
quantum mechanics,0.00020815986677768527
herding,0.00020815986677768527
neo-indeterminist school,0.00020815986677768527
heisenberg uncertainty principle,0.00020815986677768527
microfinance,0.00020815986677768527
class v. case probability,0.00020815986677768527
mengerian-schumpeterian economics,0.00020815986677768527
asia,0.00020815986677768527
effectuation,0.00020815986677768527
unknown unknowns,0.00020815986677768527
production-based economics,0.00020815986677768527
r/s analysis,0.00020815986677768527
kiznerian entrepreneurship,0.00020815986677768527
bertrand competition,0.00020815986677768527
bayesian surprise,0.00020815986677768527
stock trade finance,0.00020815986677768527
new york stock exchange,0.00020815986677768527
financial panics,0.00020815986677768527
check certification,0.00020815986677768527
bank clearinghouse,0.00020815986677768527
royal navy,0.00020815986677768527
industrial revolution,0.00020815986677768527
economic evolution,0.00020815986677768527
relative frequency definition of probability,0.00020815986677768527
statistical inference,0.00020815986677768527
monetary rewards,0.00020815986677768527
exploratory data analysis,0.00020815986677768527
capabilities,0.00020815986677768527
geoffrey hodgson,0.00020815986677768527
radical ignorance,0.00020815986677768527
quantity theory,0.00020815986677768527
knowledge spillovers,0.00020815986677768527
precautionary assets,0.00020815986677768527
depression,0.00020815986677768527
contraction,0.00020815986677768527
bust,0.00020815986677768527
boom,0.00020815986677768527
subjective v. objective probability,0.00020815986677768527
appraisal optimism,0.00020815986677768527
big players,0.00020815986677768527
team production,0.00020815986677768527
ngrams,0.00020815986677768527
friedrich a. von hayek,0.00020815986677768527
computers,0.00020815986677768527
pre-modern world,0.00020815986677768527
libertarian political economy,0.00020815986677768527
redistribution,0.00020815986677768527
insider information,0.00020815986677768527
social philosophy,0.00020815986677768527
social cohesion,0.00020815986677768527
uneven economic development,0.00020815986677768527
law and jurisprudence,0.00020815986677768527
keynesian economics,0.00020815986677768527
tocqueville,0.00020815986677768527
j. s. mill,0.00020815986677768527
j. e. cairnes,0.00020815986677768527
finlay memorial lecture,0.00020815986677768527
situational crime prevention,0.00020815986677768527
interpretive frameworks,0.00020815986677768527
information costs,0.00020815986677768527
situational logic,0.00020815986677768527
rule-making,0.00020815986677768527
fiduciary duties of investment advisors and broker-dealers,0.00020815986677768527
say’s law,0.00020815986677768527
dodd-frank,0.00020815986677768527
art market,0.00020815986677768527
spinoza,0.00020815986677768527
chinese reforms,0.00020815986677768527
markets and institutions,0.00020815986677768527
research,0.00020815986677768527
kirznerian entrepreneurship,0.00020815986677768527
dualism,0.00020815986677768527
realist social theory,0.00020815986677768527
reputation,0.00020815986677768527
saving and investment,0.00020815986677768527
coercive exchange,0.00020815986677768527
switzerland,0.00020815986677768527
slovenia,0.00020815986677768527
clearing arrangements,0.00020815986677768527
rizzo,0.00020815986677768527
plan coordination,0.00020815986677768527
informal sector,0.00020815986677768527
peru,0.00020815986677768527
group lending,0.00020815986677768527
latin america,0.00020815986677768527
savings and investment,0.00020815986677768527
gary s. becker,0.00020815986677768527
karl popper,0.00020815986677768527
fiat currencies,0.00020815986677768527
conflict and political economy,0.00020815986677768527
r.v.g. clarke,0.00020815986677768527
indian economic thought,0.00020815986677768527
biography,0.00020815986677768527
b.r. shenoy,0.00020815986677768527
e53,0.00020815986677768527
e52,0.00020815986677768527
triadic exchange,0.00020815986677768527
edgeworth box,0.00020815986677768527
dyadic exchange,0.00020815986677768527
credit markets as coercive exchange,0.00020815986677768527
mach,0.00020815986677768527
calculation debate,0.00020815986677768527
amherst school,0.00020815986677768527
special economic zones,0.00020815986677768527
culture and economy,0.00020815986677768527
embedded liberalism,0.00020815986677768527
the market process,0.00020815986677768527
plan disequilibrium,0.00020815986677768527
praxeological method,0.00020815986677768527
paul samuelson,0.00020815986677768527
settlement changes,0.00020815986677768527
entrepreneurial planning,0.00020815986677768527
murray rothbard,0.00020815986677768527
the theory of the firm,0.00020815986677768527
indian economic development,0.00020815986677768527
constitutional culture,0.00020815986677768527
export processing zones,0.00020815986677768527
clusters,0.00020815986677768527
overshooting,0.00020815986677768527
creative choice,0.00020815986677768527
informational cascades,0.00020815986677768527
central and eastern europe,0.00020815986677768527
federal maritime commission,0.00020815986677768527
tax-backing theory of money,0.00020815986677768527
oregon,0.00020815986677768527
reconstruction,0.00020815986677768527
thick descriptions,0.00020815986677768527
no-fault divorce,0.00020815986677768527
maritime industry,0.00020815986677768527
time structure of capital,0.00020815986677768527
essentialist argument and persuasive definitions,0.00020815986677768527
bank reserves,0.00020815986677768527
covenant marriage,0.00020815986677768527
crisis management,0.00020815986677768527
marriage,0.00020815986677768527
open vs closed analytical concepts,0.00020815986677768527
political equilibrium,0.00020815986677768527
relational market obligations,0.00020815986677768527
organized crime,0.00020815986677768527
utilization,0.00020815986677768527
feudal economy,0.00020815986677768527
marriage-specific human capital,0.00020815986677768527
scrappage,0.00020815986677768527
obsolescence,0.00020815986677768527
maintenance,0.00020815986677768527
depreciation,0.00020815986677768527
capital longevity,0.00020815986677768527
post-disaster recovery,0.00020815986677768527
mental models,0.00020815986677768527
constitutional maintenance,0.00020815986677768527
guild,0.00020815986677768527
land use regulations,0.00020815986677768527
new orleans,0.00020815986677768527
gresham's law,0.00020815986677768527
economies,0.00020815986677768527
leviathan,0.00020815986677768527
financial economics,0.00020815986677768527
national bureau of economic research,0.00020815986677768527
term structure of interest rates,0.00020815986677768527
marginal utility,0.00020815986677768527
giffen behaviour,0.00020815986677768527
demand,0.00020815986677768527
"austrian-chicago synthesis, law and economics",0.00020815986677768527
ludwig lachmann,0.00020815986677768527
emergence properties,0.00020815986677768527
local government,0.00020815986677768527
ethical theory,0.00020815986677768527
urban growth,0.00020815986677768527
free markets,0.00020815986677768527
interjurisdictional competition,0.00020815986677768527
fragmentation,0.00020815986677768527
instrumentalism,0.00020815986677768527
productivity,0.00020815986677768527
weak states,0.00020815986677768527
mccloskey,0.00020815986677768527
métis,0.00020815986677768527
metanorms,0.00020815986677768527
high modernism,0.00020815986677768527
deontology,0.00020815986677768527
orthodox,0.00020815986677768527
hyman minsky,0.00020815986677768527
invest,0.00020815986677768527
financial instability,0.00020815986677768527
transition,0.00020815986677768527
history of ideas,0.00020815986677768527
epistemic community,0.00020815986677768527
eastern europe,0.00020815986677768527
cultural diversity,0.00020815986677768527
transactions costs,0.00020815986677768527
private property rights,0.00020815986677768527
demsetz,0.00020815986677768527
arbitrage,0.00020815986677768527
mengerian vs walrasian,0.00020815986677768527
aristotelianism,0.00020815986677768527
leeson,0.00020815986677768527
portland,0.00020815986677768527
burczak,0.00020815986677768527
rail transit,0.00020815986677768527
interbank clearing,0.00020815986677768527
corporatism,0.00020815986677768527
human sociality,0.00020815986677768527
knight bowles gintis contested exchange,0.00020815986677768527
evolution of property rights,0.00020815986677768527
salience imbalance,0.00020815986677768527
austrian methodology,0.00020815986677768527
capital heterogeneity,0.00020815986677768527
calibration,0.00020815986677768527
herding behavior,0.00020815986677768527
akrasia,0.00020815986677768527
irving fisher,0.00020815986677768527
group identification,0.00020815986677768527
the market,0.00020815986677768527
time preference reversal,0.00020815986677768527
swedberg,0.00020815986677768527
social space,0.00020815986677768527
lefebvre,0.00020815986677768527
gudeman,0.00020815986677768527
granovetter,0.00020815986677768527
asset prices,0.00020815986677768527
principal-agent,0.00020815986677768527
planning,0.00020815986677768527
etiquette,0.00020815986677768527
anti-psychologism,0.00020815986677768527
ludwig wittgenstein,0.00020815986677768527
influence on the profession,0.00020815986677768527
asset price bubbles,0.00020815986677768527
relevance,0.00020815986677768527
emergence and evolution,0.00020815986677768527
coherence,0.00020815986677768527
nobel laureates,0.00020815986677768527
benevolent despot,0.00020815986677768527
public economics and public choice,0.00020815986677768527
new classical methodology,0.00020815986677768527
thought experiments,0.00020815986677768527
classical economist,0.00020815986677768527
prosperity,0.00020815986677768527
economic welfare,0.00020815986677768527
epistemology,0.00020815986677768527
bank lending,0.00020815986677768527
microeconomic principles,0.00020815986677768527
economic pedagogy,0.00020815986677768527
stakeholder socialism,0.00020815986677768527
libertarian marxism,0.00020815986677768527
cooperatives,0.00020815986677768527
comparative analysis,0.00020815986677768527
selection,0.00020815986677768527
panel data estimations,0.00020815986677768527
state of rest,0.00020815986677768527
revolution,0.00020815986677768527
new traditional economy,0.00020815986677768527
institutional possibilities frontier,0.00020815986677768527
benevolence,0.00020815986677768527
civic capital,0.00020815986677768527
stages,0.00020815986677768527
sectors,0.00020815986677768527
classical and austrian capital theory,0.00020815986677768527
pedagogy,0.00020815986677768527
liberal education,0.00020815986677768527
free will,0.00020815986677768527
monetary footprint,0.00020815986677768527
automobile industry,0.00020815986677768527
scrapping,0.00020815986677768527
service life,0.00020815986677768527
neoclassical framework,0.00020815986677768527
denationalization of money,0.00020815986677768527
path dependence,0.00020815986677768527
neoclassical economists,0.00020815986677768527
co-ordination,0.00020815986677768527
efficiency,0.00020815986677768527
hayek's challenge,0.00020815986677768527
adverse selection,0.00020815986677768527
dimensions of operators and variables,0.00020815986677768527
trade,0.00020815986677768527
new institutional economics,0.00020815986677768527
macroeconomic policy outlook,0.00020815986677768527
economic conditions,0.00020815986677768527
statism,0.00020815986677768527
intellectuals,0.00020815986677768527
wage policy,0.00020815986677768527
agency costs,0.00020815986677768527
time inconsistency,0.00020815986677768527
real business cycles,0.00020815986677768527
argument,0.00020815986677768527
debate,0.00020815986677768527
austrian analysis,0.00020815986677768527
scenario building,0.00020815986677768527
indices,0.00020815986677768527
social structures,0.00020815986677768527
supplier specificity,0.00020815986677768527
tertius gaudens,0.00020815986677768527
mathematical economics,0.00020815986677768527
embodied cognition,0.00020815986677768527
embedding,0.00020815986677768527
deductivism,0.00020815986677768527
taylorian rate,0.00020815986677768527
emergence and evolution of the institutions,0.00020815986677768527
economics of institutions,0.00020815986677768527
austrian tradition,0.00020815986677768527
operators,0.00020815986677768527
us south,0.00020815986677768527
methodological interactioinism,0.00020815986677768527
racism,0.00020815986677768527
lynching,0.00020815986677768527
organizational culture,0.00020815986677768527
upper-turning point,0.00020815986677768527
"cycles,bankruptcy",0.00020815986677768527
"austrian economics, business fluctuations",0.00020815986677768527
failed states,0.00020815986677768527
reductionism,0.00020815986677768527
democratic republic of the congo,0.00020815986677768527
takeover bids,0.00020815986677768527
time series forecasting,0.00020815986677768527
dynamic rent seeking,0.00020815986677768527
control of politicians,0.00020815986677768527
corporate control,0.00020815986677768527
postwar japanese political economy,0.00020815986677768527
k49,0.00020815986677768527
k00,0.00020815986677768527
elections,0.00020815986677768527
good government,0.00020815986677768527
judges,0.00020815986677768527
constructivism,0.00020815986677768527
stable paretian hypothesis,0.00020815986677768527
reciprocity,0.00020815986677768527
self-regulation,0.00020815986677768527
peasant economy,0.00020815986677768527
knowledge-based view,0.00020815986677768527
firm governance,0.00020815986677768527
behavioral political economy,0.00020815986677768527
firm boundaries,0.00020815986677768527
capital-based theory,0.00020815986677768527
principal-agent problems,0.00020815986677768527
capital complexity,0.00020815986677768527
coasian contract,0.00020815986677768527
the cultural economic perspective,0.00020815986677768527
perception,0.00020815986677768527
hong kong,0.00020815986677768527
robert garnett,0.00020815986677768527
psychologism,0.00020815986677768527
peter boettke,0.00020815986677768527
experimental epistemology,0.00020815986677768527
epistemological naturalism,0.00020815986677768527
publishing in economics,0.00020815986677768527
neopositivism,0.00020815986677768527
citation analysise,0.00020815986677768527
cluster theory,0.00020815986677768527
pre-sensory experience,0.00020815986677768527
empiricism,0.00020815986677768527
chaos theory,0.00020815986677768527
a priori knowledge,0.00020815986677768527
planning by contract,0.00020815986677768527
anomalies,0.00020815986677768527
econometric methodology,0.00020815986677768527
network theory,0.00020815986677768527
leijonhufvud,0.00020815986677768527
urban and regional planning,0.00020815986677768527
housing bubble,0.00020815986677768527
pareto optimality,0.00020815986677768527
american occupation of japan,0.00020815986677768527
voter irrationality,0.00020815986677768527
schools of thought,0.00020815986677768527
promiscuity,0.00020815986677768527
motivation,0.00020815986677768527
insider trading,0.00020815986677768527
corporation,0.00020815986677768527
sympathy,0.00020815986677768527
neuroscience,0.00020815986677768527
sylos labini,0.00020815986677768527
heterodoxy,0.00020815986677768527
weingast paradox,0.00020815986677768527
epistemic virtue,0.00020815986677768527
academic freedom,0.00020815986677768527
suboptimal conditions,0.00020815986677768527
institutional robustness,0.00020815986677768527
matt ridley,0.00020815986677768527
comparative economic systems,0.00020815986677768527
process vs structure,0.00020815986677768527
culture and entrepreneurship,0.00020815986677768527
sliced-up value chains,0.00020815986677768527
new urbanism,0.00020815986677768527
mercantilism,0.00020815986677768527
constitution,0.00020815986677768527
discretionary power,0.00020815986677768527
neurath,0.00020815986677768527
agglomeration,0.00020815986677768527
invisible hand,0.00020815986677768527
land-use planning,0.00020815986677768527
state of confidence,0.00020815986677768527
intra-industry trade,0.00020815986677768527
constitutional citizenship,0.00020815986677768527
analytical egalitarianism,0.00020815986677768527
history of economics,0.00020815986677768527
granger causality,0.00020815986677768527
choice theory,0.00020815986677768527
pdl,0.00020815986677768527
local minima,0.00020815986677768527
aristotle's thought,0.00020815986677768527
judging,0.00020815986677768527
coverture,0.00020815986677768527
epistemology of austrian economics,0.00020815986677768527
australian school of economics,0.00020815986677768527
international trade,0.00020815986677768527
rigidities,0.00020815986677768527
progress,0.00020815986677768527
100% reserve banking,0.00020815986677768527
preference,0.00020815986677768527
fundamental analysis,0.00020815986677768527
methodology of the austrian school,0.00020815986677768527
schutz,0.00020815986677768527
interpretive dimension,0.00020815986677768527
c. s. peirce,0.00020815986677768527
relational comparison,0.00020815986677768527
afghanistan,0.00020815986677768527
market rationality,0.00020815986677768527
commodity standard,0.00020815986677768527
non-neutral money,0.00020815986677768527
hayek's paradox,0.00020815986677768527
enactivism,0.00020815986677768527
cognitive science,0.00020815986677768527
cluster,0.00020815986677768527
industrial districts,0.00020815986677768527
cognitive closure,0.00020815986677768527
cartesianism,0.00020815986677768527
menger (carl),0.00020815986677768527
hahn,0.00020815986677768527
sticky information,0.00020815986677768527
efficient markets hypothesis,0.00020815986677768527
behavioral finance,0.00020815986677768527
george selgin,0.00020815986677768527
time and economics,0.00020815986677768527
private vs. public ordering,0.00020815986677768527
monetary non-neutrality,0.00020815986677768527
kaleidic economy,0.00020815986677768527
george shackle,0.00020815986677768527
securities arbitrage,0.00020815986677768527
michael porter,0.00020815986677768527
monetary standard,0.00020815986677768527
auctions,0.00020815986677768527
sensation,0.00020815986677768527
market structure,0.00020815986677768527
labor market,0.00020815986677768527
involuntary unemployment,0.00020815986677768527
functionalism,0.00020815986677768527
efficiency wages,0.00020815986677768527
demand for heterogeneous goods,0.00020815986677768527
proficiency test,0.00020815986677768527
forensic science,0.00020815986677768527
epistemics,0.00020815986677768527
blind proficiency test,0.00020815986677768527
specialization,0.00020815986677768527
terrorism,0.00020815986677768527
entrepreneurial strategy,0.00020815986677768527
prohibition,0.00020815986677768527
occupation,0.00020815986677768527
computationalism,0.00020815986677768527
urban,0.00020815986677768527
simulation-theory,0.00020815986677768527
self-direction,0.00020815986677768527
folk psychology,0.00020815986677768527
teleology,0.00020815986677768527
austrian school of economics (origins of the),0.00020815986677768527
winner's curse,0.00020815986677768527
panic of 1907,0.00020815986677768527
gold clauses,0.00020815986677768527
nineteenth-century french liberal economic thought,0.00020815986677768527
extended order,0.00020815986677768527
performance of government,0.00020815986677768527
political markets,0.00020815986677768527
scope,0.00020815986677768527
ordered anarchy,0.00020815986677768527
market processes,0.00020815986677768527
market socialism,0.00020815986677768527
analytical anarchism,0.00020815986677768527
models of legislators,0.00020815986677768527
political capital,0.00020815986677768527
dynamics on interventionism,0.00020815986677768527
ordnungstheorie,0.00020815986677768527
action space,0.00020815986677768527
relational code,0.00020815986677768527
perception/action cycle,0.00020815986677768527
memory,0.00020815986677768527
hierarchical cognitive organization,0.00020815986677768527
english constitutional history,0.00020815986677768527
liberal order,0.00020815986677768527
cognitive network (cognit),0.00020815986677768527
social network theory,0.00020815986677768527
cerebral cortex,0.00020815986677768527
positive legislation,0.00020815986677768527
stateless order,0.00020815986677768527
financial institutions,0.00020815986677768527
ideal types,0.00020815986677768527
spontaneous evolution,0.00020815986677768527
bearer bonds,0.00020815986677768527
resource economics,0.00020815986677768527
heterodox mainstream,0.00020815986677768527
quantum brain,0.00020815986677768527
hebb,0.00020815986677768527
feynman diagrams,0.00020815986677768527
strategy,0.00020815986677768527
say (jean-baptiste),0.00020815986677768527
accountant,0.00020815986677768527
austrian-chicago synthesis,0.00020815986677768527
equality,0.00020815986677768527
open square,0.00020815986677768527
regional development,0.00020815986677768527
open source software,0.00020815986677768527
interpretive schema,0.00020815986677768527
brice,0.00020815986677768527
property rights entrepreneurship,0.00020815986677768527
katallactics,0.00020815986677768527
open science,0.00020815986677768527
open institutions,0.00020815986677768527
collective goods,0.00020815986677768527
fiscal sociology,0.00020815986677768527
endogenous money,0.00020815986677768527
economy,0.00020815986677768527
lse,0.00020815986677768527
economist,0.00020815986677768527
austrian economist,0.00020815986677768527
synthetic control,0.00020815986677768527
regression discontinuity,0.00020815986677768527
difference in differences,0.00020815986677768527
counterfactual reasoning,0.00020815986677768527
causal inference,0.00020815986677768527
temporary equilibrium,0.00020815986677768527
radner,0.00020815986677768527
perfect foresight,0.00020815986677768527
myrdal,0.00020815986677768527
muth,0.00020815986677768527
morgenstern,0.00020815986677768527
lucas,0.00020815986677768527
lindahl,0.00020815986677768527
intertemporal equilibrium,0.00020815986677768527
hicks,0.00020815986677768527
bliss,0.00020815986677768527
arrow-debreu-mckenzie model,0.00020815986677768527
alchian,0.00020815986677768527
hdi,0.00020815986677768527
happiness,0.00020815986677768527
government spending,0.00020815986677768527
gdp,0.00020815986677768527
easterlin paradox,0.00020815986677768527
b3,0.00020815986677768527
beveridge,0.00020815986677768527
brainwashing,0.00020815986677768527
experience economy,0.00020815986677768527
p0,0.00020815986677768527
b5,0.00020815986677768527
k23 https://www.aeaweb.org/jel/guide/jel.php,0.00020815986677768527
judicial deference,0.00020815986677768527
administrative law,0.00020815986677768527
social rules,0.00020815986677768527
social dilemmas,0.00020815986677768527
luck,0.00020815986677768527
crowding out,0.00020815986677768527
classification,0.00020815986677768527
marketing,0.00020815986677768527
consumer behavior,0.00020815986677768527
f. a. hayek-mock trial,0.00020815986677768527
attention,0.00020815986677768527
population,0.00020815986677768527
o30,0.00020815986677768527
o15,0.00020815986677768527
o13,0.00020815986677768527
innovation policy,0.00020815986677768527
incentive problem,0.00020815986677768527
entrepreneurial state,0.00020815986677768527
z1,0.00020815986677768527
p5,0.00020815986677768527
j. m. keynes,0.00020815986677768527
z0,0.00020815986677768527
o49,0.00020815986677768527
n4,0.00020815986677768527
m21,0.00020815986677768527
cost of trust,0.00020815986677768527
blockchain technology,0.00020815986677768527
self-immolation,0.00020815986677768527
orthodox church,0.00020815986677768527
old believers,0.00020815986677768527
economics of superstition,0.00020815986677768527
e50,0.00020815986677768527
e30,0.00020815986677768527
pandemics,0.00020815986677768527
free enterprise system,0.00020815986677768527
economies of scope,0.00020815986677768527
dynamic competition,0.00020815986677768527
d70,0.00020815986677768527
d23,0.00020815986677768527
globalization,0.00020815986677768527
e22,0.00020815986677768527
family values ⋅ political economy of family ⋅ neoliberalism ⋅ social conservatism,0.00020815986677768527
verein für sozialpolitik,0.00020815986677768527
b31,0.00020815986677768527
statogenic climate change,0.00020815986677768527
population growth,0.00020815986677768527
environmental kuznets curve,0.00020815986677768527
the ultimate resource,0.00020815986677768527
comparative institutional analysis,0.00020815986677768527
institutional cryptoeconomics,0.00020815986677768527
h11,0.00020815986677768527
topic modeling,0.00020815986677768527
o39,0.00020815986677768527
top five journals,0.00020815986677768527
text analysis,0.00020815986677768527
econometrics,0.00020815986677768527
public entrepreneurship,0.00020815986677768527
extreme governance,0.00020815986677768527
citizenship,0.00020815986677768527
social innovation,0.00020815986677768527
non-price coordination,0.00020815986677768527
social-ecological systems,0.00020815986677768527
normative theory,0.00020815986677768527
technology,0.00020815986677768527
modularity,0.00020815986677768527
public governance,0.00020815986677768527
digital platforms,0.00020815986677768527
d49,0.00020815986677768527
road to serfdom,0.00020815986677768527
brazil,0.00020815986677768527
volatility,0.00020815986677768527
stability,0.00020815986677768527
gdp growth,0.00020815986677768527
tax revenue,0.00020815986677768527
tax rates,0.00020815986677768527
multi-peak points,0.00020815986677768527
heterogeneous population groups,0.00020815986677768527
innovation systems,0.00020815986677768527
turning point,0.00020815986677768527
monetary history,0.00020815986677768527
private provision of public goods,0.00020815986677768527
post-communism,0.00020815986677768527
piet mondrian,0.00020815986677768527
peter alma,0.00020815986677768527
otto neurath,0.00020815986677768527
mysticism,0.00020815986677768527
modern art,0.00020815986677768527
karl menger (1902 - 1985),0.00020815986677768527
george birkhoff,0.00020815986677768527
de stijl,0.00020815986677768527
superfluous discovery,0.00020815986677768527
demonetization,0.00020815986677768527
volker fund,0.00020815986677768527
categorizations,0.00020815986677768527
economics profession,0.00020815986677768527
experimentation,0.00020815986677768527
scottish enlightenment,0.00020815986677768527
history of scotland,0.00020815986677768527
history of philosophy,0.00020815986677768527
west of babel,0.00020815986677768527
wagner,0.00020815986677768527
non-ideal theory,0.00020815986677768527
ideal theory,0.00020815986677768527
east of eden,0.00020815986677768527
scientific progress,0.00020815986677768527
romania,0.00020815986677768527
diversity,0.00020815986677768527
applied research,0.00020815986677768527
political constraints,0.00020815986677768527
self-determination,0.00020815986677768527
nationalism,0.00020815986677768527
hapsburg monarchy,0.00020815986677768527
crimea,0.00020815986677768527
brexit,0.00020815986677768527
nudge theory,0.00020815986677768527
e03,0.00020815986677768527
d03,0.00020815986677768527
behavioral paternalism,0.00020815986677768527
value-freedom,0.00020815986677768527
social democracy,0.00020815986677768527
legal titling,0.00020815986677768527
moral science,0.00020815986677768527
historical specificityludwig mises,0.00020815986677768527
war socialism,0.00020815986677768527
liberal peace,0.00020815986677768527
international economic order,0.00020815986677768527
economic nationaism,0.00020815986677768527
keynes-hayek,0.00020815986677768527
intertertemporal coordination,0.00020815986677768527
civic associations,0.00020815986677768527
super-alertness,0.00020815986677768527
scientific communities,0.00020815986677768527
perspectives,0.00020815986677768527
pure theory,0.00020815986677768527
analytic narrative,0.00020815986677768527
nudge,0.00020815986677768527
value heterogeneity,0.00020815986677768527
cryptoeconomics,0.00020815986677768527
lighthouses,0.00020815986677768527
dynamics of interventionism,0.00020815986677768527
scholarly movements,0.00020815986677768527
mainstream economics,0.00020815986677768527
political and economic order,0.00020815986677768527
mont pèlerin society,0.00020815986677768527
theory of science,0.00020815986677768527
sociology of science,0.00020815986677768527
formal methods,0.00020815986677768527
doctrinal history,0.00020815986677768527
regulatory process,0.00020815986677768527
consent,0.00020815986677768527
coproduction,0.00020815986677768527
administrative procedure act,0.00020815986677768527
hume,0.00020815986677768527
aristotle,0.00020815986677768527
aquinas,0.00020815986677768527
“lost papers” of ludwig von mises,0.00020815986677768527
combinations,0.00020815986677768527
empirical methods,0.00020815986677768527
market power,0.00020815986677768527
anti-trust,0.00020815986677768527
evasion,0.00020815986677768527
quadratic voting,0.00020815986677768527
state legitimacy,0.00020815986677768527
guilds,0.00020815986677768527
business competition,0.00020815986677768527
fracking,0.00020815986677768527
microeconomic theory,0.00020815986677768527
entrepreneurial inspiration,0.00020815986677768527
collaborative innovation blocs,0.00020815986677768527
the austrian school,0.00020815986677768527
horizontal relationships,0.00020815986677768527
pure entrepreneurial profit,0.00020815986677768527
organization of markets,0.00020815986677768527
strategic marketing,0.00020815986677768527
r-a theory,0.00020815986677768527
competitive advantage,0.00020815986677768527
marginal utility theory,0.00020815986677768527
b53–austrian economics,0.00020815986677768527
german emigration,0.00020815986677768527
emil kauder,0.00020815986677768527
william stanley jevons,0.00020815986677768527
tjalling koopmans,0.00020815986677768527
rutledge vining,0.00020815986677768527
epistemic institutionalist,0.00020815986677768527
alfred marshall,0.00020815986677768527
german business economics,0.00020815986677768527
eugen schmalenbach,0.00020815986677768527
cost accounting,0.00020815986677768527
capital accounting,0.00020815986677768527
o17,0.00020815986677768527
religious freedom,0.00020815986677768527
political legitimacy,0.00020815986677768527
market process theory,0.00020815986677768527
market dynamics,0.00020815986677768527
long memory,0.00020815986677768527
interdisciplinary applications,0.00020815986677768527
hurst exponent,0.00020815986677768527
fractal analysis,0.00020815986677768527
e31,0.00020815986677768527
cultural/political complexity,0.00020815986677768527
computational social science,0.00020815986677768527
c43,0.00020815986677768527
c22,0.00020815986677768527
austrian business cycle model,0.00020815986677768527
non-price institutions,0.00020815986677768527
wavelet,0.00020815986677768527
intelligence,0.00020815986677768527
counterintelligence,0.00020815986677768527
behavioural decision theory,0.00020815986677768527
market-process theory,0.00020815986677768527
i25,0.00020815986677768527
sraffian critique of economic theory,0.00020815986677768527
real wage-interest frontier,0.00020815986677768527
real factor-price frontier,0.00020815986677768527
re-switching of techniques,0.00020815986677768527
q11,0.00020815986677768527
neoclassical theory of production,0.00020815986677768527
rescaled range,0.00020815986677768527
cronyism,0.00020815986677768527
d61,0.00020815986677768527
neutral variation,0.00020815986677768527
consumption tax,0.00020815986677768527
risk modeling,0.00020815986677768527
insurance,0.00020815986677768527
emissions tax,0.00020815986677768527
climate,0.00020815986677768527
carbon tax,0.00020815986677768527
social evolution,0.00020815986677768527
consciousness,0.00020815986677768527
ppe,0.00020815986677768527
european sovereign-debt crisis,0.00020815986677768527
commons,0.00020815986677768527
macroeconomic turbulence,0.00020815986677768527
justificationism,0.00020815986677768527
price premium,0.00020815986677768527
fisher effect,0.00020815986677768527
goods,0.00020815986677768527
german subjective-value theory,0.00020815986677768527
consumer wants,0.00020815986677768527
opportunity discovery,0.00020815986677768527
judgment-based approach,0.00020815986677768527
rent policy,0.00020815986677768527
price control,0.00020815986677768527
interventions,0.00020815986677768527
dynamics of the mixed economy,0.00020815986677768527
e43,0.00020815986677768527
d57,0.00020815986677768527
progressive tax,0.00020815986677768527
interest groups,0.00020815986677768527
equilibrium constructs,0.00020815986677768527
institutional evolution,0.00020815986677768527
power problem,0.00020815986677768527
noncomprehensive planning,0.00020815986677768527
dialectics,0.00020815986677768527
the economy of knowledge,0.00020815986677768527
socialist calculation,0.00020815986677768527
graduate education,0.00020815986677768527
classics,0.00020815986677768527
social problems,0.00020815986677768527
politicization,0.00020815986677768527
externality entrepreneurs,0.00020815986677768527
maturity mismatching,0.00020815986677768527
singapore,0.00020815986677768527
developmental state,0.00020815986677768527
z13,0.00020815986677768527
social spaces,0.00020815986677768527
o51,0.00020815986677768527
i1,0.00020815986677768527
covid-19,0.00020815986677768527
commercial friendships,0.00020815986677768527
epistemology of the social sciences,0.00020815986677768527
b40,0.00020815986677768527
interdependence,0.00020815986677768527
financial risk,0.00020815986677768527
yield curve,0.00020815986677768527
d33,0.00020815986677768527
soft budget constraint,0.00020815986677768527
cambridge capital controversy,0.00020815986677768527
b51,0.00020815986677768527
b12,0.00020815986677768527
principles of economics,0.00020815986677768527
words,0.00020815986677768527
language games,0.00020815986677768527
ideology ideas,0.00020815986677768527
h56,0.00020815986677768527
f52,0.00020815986677768527
b24,0.00020815986677768527
soft monetary constraint,0.00020815986677768527
repressed inflation,0.00020815986677768527
artistic genius,0.00020815986677768527
j. kornai,0.00020815986677768527
european sovereign debt,0.00020815986677768527
malcom mclean,0.00020815986677768527
containerization,0.00020815986677768527
instruments of interpretation,0.00020815986677768527
integrated personality structures,0.00020815986677768527
entangled systems of political economy,0.00020815986677768527
central european history,0.00020815986677768527
z11,0.00020815986677768527
entrepreneurial alertness,0.00020815986677768527
economics of the arts,0.00020815986677768527
positional good,0.00020815986677768527
lax fiscal policy,0.00020815986677768527
persecution and toleration,0.00020815986677768527
the firm,0.00020815986677768527
ambiguity,0.00020815986677768527
"unawareness, k24 cyber law",0.00020815986677768527
information and knowledge,0.00020815986677768527
cybersecurity economics,0.00020815986677768527
communication,0.00020815986677768527
belief,0.00020815986677768527
"b53 austrian economics, d83 search",0.00020815986677768527
o33,0.00020815986677768527
l23,0.00020815986677768527
internalization,0.00020815986677768527
big data,0.00020815986677768527
labor force participation,0.00020815986677768527
a11,0.00020815986677768527
cognitive bias,0.00020815986677768527
uber,0.00020815986677768527
platforms,0.00020815986677768527
needs,0.00020815986677768527
exact laws,0.00020815986677768527
equilibration,0.00020815986677768527
d60,0.00020815986677768527
indirect taxes,0.00020815986677768527
h25,0.00020815986677768527
h22,0.00020815986677768527
h20,0.00020815986677768527
cryptocurrency,0.00020815986677768527
l38,0.00020815986677768527
stakeholder governance,0.00020815986677768527
fractional-reserve banking,0.00020815986677768527
minorities,0.00020815986677768527
legal order,0.00020815986677768527
identity rules,0.00020815986677768527
heterodox practices,0.00020815986677768527
general laws,0.00020815986677768527
interpretive rationality,0.00020815986677768527
infinite variety,0.00020815986677768527
emergent order,0.00020815986677768527
creative industries,0.00020815986677768527
cognitive institutions,0.00020815986677768527
loanable funds,0.00020815986677768527
e51,0.00020815986677768527
experimental,0.00020815986677768527
e41,0.00020815986677768527
deposits,0.00020815986677768527
credit booms,0.00020815986677768527
liberty,0.00020815986677768527
prosocial behavior,0.00020815986677768527
norms,0.00020815986677768527
j13,0.00020815986677768527
j11,0.00020815986677768527
h00,0.00020815986677768527
family policy,0.00020815986677768527
family economics,0.00020815986677768527
austrian approach,0.00020815986677768527
esg,0.00020815986677768527
lax monetary policy,0.00020815986677768527
z12,0.00020815986677768527
modigliani miller theorem,0.00020815986677768527
financial structure,0.00020815986677768527
financial innovation,0.00020815986677768527
efficient portfolio,0.00020815986677768527
individual-state relations,0.00020815986677768527
scheall,0.00020815986677768527
p50,0.00020815986677768527
liberal transition,0.00020815986677768527
epistemic burdens,0.00020815986677768527
d80,0.00020815986677768527
b00,0.00020815986677768527
k11,0.00020815986677768527
market failures,0.00020815986677768527
h32,0.00020815986677768527
h13,0.00020815986677768527
catholic social teaching,0.00020815986677768527
a12,0.00020815986677768527
social policy,0.00020815986677768527
history of the economic thought,0.00020815986677768527
history of the economic ideas,0.00020815986677768527
relevancy,0.00020815986677768527
human progress,0.00020815986677768527
political process,0.00020815986677768527
elite theory,0.00020815986677768527
free market,0.00020815986677768527
process,0.00020815986677768527
de-banking,0.00020815986677768527
economic organization,0.00020815986677768527
p1,0.00020815986677768527
n3,0.00020815986677768527
social status,0.00020815986677768527
social peace,0.00020815986677768527
fair value accounting,0.00020815986677768527
ethics of fair value,0.00020815986677768527
distributive injustice,0.00020815986677768527
distributive effects,0.00020815986677768527
marginalist revolution,0.00020815986677768527
life-science,0.00020815986677768527
evolutionism,0.00020815986677768527
preferences,0.00020815986677768527
games,0.00020815986677768527
emotions,0.00020815986677768527
invisible-hand explanations,0.00020815986677768527
word,0.00020815986677768527
symbolic thought,0.00020815986677768527
sign,0.00020815986677768527
price,0.00020815986677768527
concept,0.00020815986677768527
a00,0.00020815986677768527
p10,0.00020815986677768527
doux commerce,0.00020815986677768527
winners and losers,0.00020815986677768527
b2 b3 e6 p1,0.00020815986677768527
monetarism,0.00020815986677768527
drones,0.00020815986677768527
think-tanks,0.00020815986677768527
metaethics,0.00020815986677768527
fitting attitude theory,0.00020815986677768527
brentano,0.00020815986677768527
public-private partnerships,0.00020815986677768527
innovation ecosystem,0.00020815986677768527
intellectual history,0.00020815986677768527
civilization,0.00020815986677768527
skyscraper curse,0.00020815986677768527
vincent ostrom,0.00020815986677768527
open vs. closed systems,0.00020815986677768527
liberalism and authority,0.00020815986677768527
leadership,0.00020815986677768527
human association,0.00020815986677768527
friedrich wieser,0.00020815986677768527
federalism and polycentricity,0.00020815986677768527
carl schmitt,0.00020815986677768527
autonomy of the political,0.00020815986677768527
induced malnovation,0.00020815986677768527
designer drugs,0.00020815986677768527
controlled substances act,0.00020815986677768527
comprehensive drug abuse prevention and control act of 1970,0.00020815986677768527
copyright,0.00020815986677768527
risk-based capital,0.00020815986677768527
basel accord,0.00020815986677768527
frederick nymeyer,0.00020815986677768527
creating a learning society,0.00020815986677768527
neo-mengerian,0.00020815986677768527
neo-walrasian,0.00020815986677768527
fatal conceit,0.00020815986677768527
golden rule,0.00020815986677768527
covenant,0.00020815986677768527
salvador allende,0.00020815986677768527
el mercurio,0.00020815986677768527
chicago boys,0.00020815986677768527
centro de estudios públicos (cep),0.00020815986677768527
augusto pinochet,0.00020815986677768527
pure logic of choice,0.00020815986677768527
nested governance,0.00020815986677768527
free-market environmentalism,0.00020815986677768527
fisheries,0.00020815986677768527
common-pool resources,0.00020815986677768527
monetary inflation,0.00020815986677768527
informational efficiency,0.00020815986677768527
equity returns,0.00020815986677768527
emh,0.00020815986677768527
efficient markets,0.00020815986677768527
life-world,0.00020815986677768527
interpretive turn,0.00020815986677768527
alfred schutz,0.00020815986677768527
product quality,0.00020815986677768527
pricing strategy,0.00020815986677768527
non-price parameters of goods and services,0.00020815986677768527
non-price effects of monetary inflation,0.00020815986677768527
us versus canada,0.00020815986677768527
sclerosis,0.00020815986677768527
regulated oligopoly,0.00020815986677768527
institutional-evolution,0.00020815986677768527
cointegration,0.00020815986677768527
pattern predictions,0.00020815986677768527
macroeconomic forecasts,0.00020815986677768527
monetary disequilibrium,0.00020815986677768527
free-banking,0.00020815986677768527
regulatory arbitrage,0.00020815986677768527
refinancing,0.00020815986677768527
deposit insurance,0.00020815986677768527
profits,0.00020815986677768527
plan-coordination,0.00020815986677768527
orders,0.00020815986677768527
transmission channel,0.00020815986677768527
vector autoregression,0.00020815986677768527
market signal,0.00020815986677768527
causal ambiguity,0.00020815986677768527
stage of process,0.00020815986677768527
money stream stabilization,0.00020815986677768527
"morality, metaethics",0.00020815986677768527
limited government,0.00020815986677768527
rationalism,0.00020815986677768527
human action,0.00020815986677768527
destutt de tracy,0.00020815986677768527
political science,0.00020815986677768527
subprime crisis,0.00020815986677768527
impulse response,0.00020815986677768527
civil religion,0.00020815986677768527
mortgage market,0.00020815986677768527
behaviorism,0.00020815986677768527
housing market,0.00020815986677768527
verstehen,0.00020815986677768527
interpretation,0.00020815986677768527
iad framework,0.00020815986677768527
gratuitous credit,0.00020815986677768527
independence,0.00020815986677768527
100 % reserves,0.00020815986677768527
theory absorption,0.00020815986677768527
mathematical praxeology,0.00020815986677768527
internalist and externalist explanations of human action,0.00020815986677768527
game theory,0.00020815986677768527
wages fund,0.00020815986677768527
john rawls,0.00020815986677768527
subsistence fund,0.00020815986677768527
early business cycle theories,0.00020815986677768527
reallocation costs,0.00020815986677768527
interest rate,0.00020815986677768527
credit and money multipliers,0.00020815986677768527
nobel memorial prize in economic science,0.00020815986677768527
appraisement,0.00020815986677768527
pretence of knowledge,0.00020815986677768527
gunnar myrdal,0.00020815986677768527
gross market rate of interest,0.00020815986677768527
economics of digital privacy,0.00020815986677768527
moral psychology,0.00020815986677768527
diversity of money,0.00020815986677768527
local and community currency,0.00020815986677768527
conflicting rationalities,0.00020815986677768527
weber hypothesis,0.00020815986677768527
common pool resource,0.00020815986677768527
ricardian equivalence,0.00020815986677768527
multiplier,0.00020815986677768527
free lunch,0.00020815986677768527
fiscal deficit,0.00020815986677768527
austerity,0.00020815986677768527
austerian,0.00020815986677768527
böhm-bawerk,0.00020815986677768527
quality ranking,0.00020815986677768527
economics program,0.00020815986677768527
centralized mindset,0.00020815986677768527
culture and economics,0.00020815986677768527
architecture of governance,0.00020815986677768527
additive political economy,0.00020815986677768527
price controls: centralized mindset,0.00020815986677768527
healthcare,0.00020815986677768527
side-payments,0.00020815986677768527
game mining,0.00020815986677768527
contracts,0.00020815986677768527
bargaining,0.00020815986677768527
s&l,0.00020815986677768527
firrea,0.00020815986677768527
bank regulation,0.00020815986677768527
austrian economic methodology,0.00020815986677768527
capitalist ethic,0.00020815986677768527
non-equilibrium theory,0.00020815986677768527
polish-lithuanian commonwealth,0.00020815986677768527
boomerang effect,0.00020815986677768527
nominal income targeting,0.00020815986677768527
neoclassical,0.00020815986677768527
merger waves,0.00020815986677768527
market share,0.00020815986677768527
eva(r),0.00020815986677768527
labor,0.00020815986677768527
distribution of income,0.00020815986677768527
rent,0.00020815986677768527
land,0.00020815986677768527
royal elections,0.00020815986677768527
kingdom of poland,0.00020815986677768527
commercial culture,0.00020815986677768527
institutional competition,0.00020815986677768527
aid,0.00020815986677768527
agriculture,0.00020815986677768527
plucking model,0.00020815986677768527
regulatory models,0.00020815986677768527
mathematical foundations of economics,0.00020815986677768527
goedel's theorem,0.00020815986677768527
panic of 1873,0.00020815986677768527
national banking system,0.00020815986677768527
depression of 1873–1879,0.00020815986677768527
sense of place,0.00020815986677768527
undecidability and choice,0.00020815986677768527
natural volatility,0.00020815986677768527
ottoman and balkans monetary history,0.00020815986677768527
austrian business cycles,0.00020815986677768527
socialization of investment,0.00020815986677768527
roger w. garrison,0.00020815986677768527
keynesian demand constraint,0.00020815986677768527
is-lm model,0.00020815986677768527
poverty,0.00020815986677768527
keynesian economic policies,0.00020815986677768527
prediction,0.00020815986677768527
action axiom,0.00020815986677768527
modified duration,0.00020815986677768527
macaulay duration,0.00020815986677768527
eva®,0.00020815986677768527
red cross,0.00020815986677768527
institutional selection,0.00020815986677768527
politics of banking,0.00020815986677768527
financial regulation,0.00020815986677768527
financial crises,0.00020815986677768527
complex adaptive systems,0.00020815986677768527
bottom-up dynamics,0.00020815986677768527
housing first,0.00020815986677768527
homelessness,0.00020815986677768527
transparency,0.00020815986677768527
policy objectives and coordination,0.00020815986677768527
vincent and elinor ostrom,0.00020815986677768527
keywords,0.00020815986677768527
autocracy,0.00020815986677768527
stationary bandit,0.00020815986677768527
induced volatility,0.00020815986677768527
violence,0.00020815986677768527
ecology of plans,0.00020815986677768527
public good,0.00020815986677768527
public bad,0.00020815986677768527
organismic view,0.00020815986677768527
military-industrial complex,0.00020815986677768527
individualistic view,0.00020815986677768527
defense brain,0.00020815986677768527
knut wicksell,0.00020815986677768527
fed,0.00020815986677768527
economic fluctuations,0.00020815986677768527
tradable emissions permits,0.00020815986677768527
social distance,0.00020815986677768527
deficits,0.00020815986677768527
doux-commerce thesis,0.00020815986677768527
weber,0.00020815986677768527
lavoie,0.00020815986677768527
non-equilibrium processes,0.00020815986677768527
neutral money,0.00020815986677768527
learning by doing,0.00020815986677768527
kaleidics vs. equilibrium,0.00020815986677768527
credit as commanding height,0.00020815986677768527
class structure,0.00020815986677768527
ucla tradition,0.00020815986677768527
lse tradition,0.00020815986677768527
2008 crisis,0.00020815986677768527
depression of 1920–1921,0.00020815986677768527
smes,0.00020815986677768527
internal inforcement,0.00020815986677768527
imperfect knowledge,0.00020815986677768527
gary becker,0.00020815986677768527
self-interest,0.00020815986677768527
incentive compatibility,0.00020815986677768527
miguel de cervantes,0.00020815986677768527
don quijote,0.00020815986677768527
great enrichment,0.00020815986677768527
time to build,0.00020815986677768527
option games,0.00020815986677768527
coordination failure,0.00020815986677768527
police misconduct,0.00020815986677768527
blue wall of silence,0.00020815986677768527
in-kind donations,0.00020815986677768527
"rockaway, ny",0.00020815986677768527
net consumption-net investment theory of profits,0.00020815986677768527
sticky consumption,0.00020815986677768527
hysteresis,0.00020815986677768527
voting behavior,0.00020815986677768527
macroeconomic political economy,0.00020815986677768527
economic institutions,0.00020815986677768527
tuism,0.00020815986677768527
perverse preferences,0.00020815986677768527
victimhood culture,0.00020815986677768527
moral beliefs,0.00020815986677768527
prejudice,0.00020815986677768527
natural disasters,0.00020815986677768527
dignity culture,0.00020815986677768527
d71,0.00020815986677768527
james otteson,0.00020815986677768527
free society,0.00020815986677768527
free choice,0.00020815986677768527
economic laws,0.00020815986677768527
truthful revelation,0.00020815986677768527
technology venturing,0.00020815986677768527
reputational information and technology,0.00020815986677768527
embodied knowledge,0.00020815986677768527
superstorm sandy,0.00020815986677768527
q54,0.00020815986677768527
h84,0.00020815986677768527
modernism,0.00020815986677768527
nonprice coordination,0.00020815986677768527
futurism,0.00020815986677768527
avant-garde,0.00020815986677768527
problem definition,0.00020815986677768527
impact assessment guidelines,0.00020815986677768527
wealth effect,0.00020815986677768527
income effect,0.00020815986677768527
demand theory,0.00020815986677768527
causal-realist tradition,0.00020815986677768527
r&d,0.00020815986677768527
capital consumption,0.00020815986677768527
price gouging,0.00020815986677768527
honor culture,0.00020815986677768527
social darwinism,0.00020815986677768527
moral sentiments,0.00020815986677768527
coordination as process,0.00020815986677768527
reswitching,0.00020815986677768527
capital reversal,0.00020815986677768527
political catallaxy,0.00020815986677768527
p48,0.00020815986677768527
p00,0.00020815986677768527
h10,0.00020815986677768527
constitutional drift,0.00020815986677768527
sympathetic mind-reading,0.00020815986677768527
price proxies,0.00020815986677768527
network architecture,0.00020815986677768527
coordination as state,0.00020815986677768527
social economics,0.00020815986677768527
government capture,0.00020815986677768527
schools in economic thought,0.00020815986677768527
scientism,0.00020815986677768527
science wars,0.00020815986677768527
postmodernism,0.00020815986677768527
philosophy of science,0.00020815986677768527
smart contracts,0.00020815986677768527
predictive analytics,0.00020815986677768527
payment processing,0.00020815986677768527
fraud prevention,0.00020815986677768527
credit cards,0.00020815986677768527
london school of economics,0.00020815986677768527
and economics,0.00020815986677768527
polycentric institutions,0.00020815986677768527
neo-schumpeterian economics,0.00020815986677768527
market epistemology,0.00020815986677768527
competition as rivalry process,0.00020815986677768527
malthus,0.00020815986677768527
historicism,0.00020815986677768527
regressive effects of regulation,0.00020815986677768527
intervention,0.00020815986677768527
dispersed costs,0.00020815986677768527
international relations,0.00020815986677768527
cartesian rationalism,0.00020815986677768527
spontaneous order theorizing,0.00020815986677768527
entanglement,0.00020815986677768527
platform economy,0.00020815986677768527
industrial organization,0.00020815986677768527
public education,0.00020815986677768527
electricity distribution,0.00020815986677768527
purpose-orientation,0.00020815986677768527
negotiation,0.00020815986677768527
economic anthropology,0.00020815986677768527
archaeological history,0.00020815986677768527
students of civilization,0.00020815986677768527
scholarly attitude,0.00020815986677768527
richard rorty,0.00020815986677768527
james m. buchanan,0.00020815986677768527
innovation finance,0.00020815986677768527
collaborative innovation bloc,0.00020815986677768527
marginalistic approach,0.00020815986677768527
rational reconstruction,0.00020815986677768527
regions,0.00020815986677768527
kiyotaki-wright,0.00020815986677768527
gift exchange,0.00020815986677768527
price level,0.00020815986677768527
panel data,0.00020815986677768527
monetary systems,0.00020815986677768527
neo austrian,0.00020815986677768527
agent based computational economics,0.00020815986677768527
sterilization,0.00020815986677768527
monetary expansion,0.00020815986677768527
1920s,0.00020815986677768527
online societies,0.00020815986677768527
money emergence,0.00020815986677768527
arbitrariness,0.00020815986677768527
monetary economics,0.00020815986677768527
economic plan,0.00020815986677768527
jurisdictions,0.00020815986677768527
clubs,0.00020815986677768527
historiography,0.00020815986677768527
measurements,0.00020815986677768527
living standards,0.00020815986677768527
aggregation bias,0.00020815986677768527
nonneutrality of money,0.00020815986677768527
intertemporal coordination failure,0.00020815986677768527
welfare state,0.00020815986677768527
productive state,0.00020815986677768527
infinite games,0.00020815986677768527
perfect competition,0.00020815986677768527
generality principle,0.00020815986677768527
canada,0.00020815986677768527
eif,0.00020815986677768527
justified true belief,0.00020815986677768527
economic coordination,0.00020815986677768527
central bank independence,0.00020815986677768527
epistemic turn,0.00020815986677768527
macro-foundations for micro,0.00020815986677768527
equilibrium vs. non-equilibrium theory,0.00020815986677768527
creative systems theory,0.00020815986677768527
search costs,0.00020815986677768527
ecological rationality,0.00020815986677768527
agent-based computational economics,0.00020815986677768527
neutrality of money,0.00020815986677768527
production theory,0.00020815986677768527
shadow banking,0.00020815986677768527
collateralization,0.00020815986677768527
irrational exuberance,0.00020815986677768527
hunt for yield,0.00020815986677768527
carry trade,0.00020815986677768527
asset price inflation,0.00020815986677768527
new austrian,0.00020815986677768527
justification,0.00020815986677768527
robert lucas,0.00020815986677768527
financial repression,0.00020815986677768527
profit maximization,0.00020815986677768527
predatory state,0.00020815986677768527
f.a,0.00020815986677768527
production,0.00020815986677768527
mill,0.00020815986677768527
intertemporal capital substitution,0.00020815986677768527
capacity utilization,0.00020815986677768527
upper turning point,0.00020815986677768527
circularities,0.00020815986677768527
public choice economics,0.00020815986677768527
friedrich von wieser,0.00020815986677768527
supply curve,0.00020815986677768527
homogeneity,0.00020815986677768527
thepolitical economy of progress: john stuart mill and modern radicalism,0.00020815986677768527
rawls,0.00020815986677768527
radical political economy,0.00020815986677768527
meade,0.00020815986677768527
grünberg,0.00020815986677768527
marx,0.00020815986677768527
co-operatives,0.00020815986677768527
bentham,0.00020815986677768527
prisoners’ dilemma mythology,0.00020815986677768527
pretense of knowledge,0.00020815986677768527
power as mass phenomenon,0.00020815986677768527
externalities as profit opportunities,0.00020815986677768527
crooked timber of humanity,0.00020815986677768527
rural land use policy,0.00020815986677768527
non-market failure,0.00020815986677768527
evidence-based policy,0.00020815986677768527
galicia,0.00020815986677768527
assurance,0.00020815986677768527
eudaimonia,0.00020815986677768527
legal history,0.00020815986677768527
tohoku,0.00020815986677768527
signal to noise,0.00020815986677768527
exit vs. voice,0.00020815986677768527
disaster,0.00020815986677768527
solow growth model,0.00020815986677768527
secular growth,0.00020815986677768527
white,0.00020815986677768527
tennessee,0.00020815986677768527
sims,0.00020815986677768527
equity,0.00020815986677768527
legal systems,0.00020815986677768527
jurisprudence,0.00020815986677768527
polycentric law,0.00020815986677768527
constitutional law,0.00020815986677768527
edward peter stringham,0.00020815986677768527
production-function,0.00020815986677768527
duration,0.00020815986677768527
accounting,0.00020815986677768527
lemons problem,0.00020815986677768527
gresham’s law,0.00020815986677768527
criminal law,0.00020815986677768527
democratic process,0.00020815986677768527
trust game,0.00020815986677768527
prisoner’s dilemma,0.00020815986677768527
qwerty,0.00020815986677768527
